Name,Assets
Alphabet Inc Class C,0.028399999999999998
International Flavors & Fragrances Inc,0.0277
Corteva Inc.,0.027000000000000003
Raytheon Technologies Corp,0.026600000000000002
Allegion PLC,0.0265
Biogen Inc.,0.026099999999999998
Nike Inc.,0.025699999999999997
Comcast Corporation (USA),0.0252
Estee Lauder Stock,0.0252
Pfizer INC,0.024399999999999998
